layer,language_flores,language_code,language_name,rank,feature_index,nu_value
0,eng_Latn,en,English,1,8920,5.337882995605469
0,eng_Latn,en,English,2,4735,1.9331002235412598
0,eng_Latn,en,English,3,12838,1.3386578559875488
0,eng_Latn,en,English,4,2596,1.2760493755340576
0,eng_Latn,en,English,5,5542,1.2709417343139648
0,spa_Latn,es,Spanish,1,8920,6.231291770935059
0,spa_Latn,es,Spanish,2,5653,2.424811363220215
0,spa_Latn,es,Spanish,3,1668,2.3645777702331543
0,spa_Latn,es,Spanish,4,9963,1.8129435777664185
0,spa_Latn,es,Spanish,5,981,1.524775743484497
0,fra_Latn,fr,French,1,8920,4.673710823059082
0,fra_Latn,fr,French,2,5653,2.492812156677246
0,fra_Latn,fr,French,3,9335,2.3443427085876465
0,fra_Latn,fr,French,4,10597,1.881342887878418
0,fra_Latn,fr,French,5,4184,1.1926277875900269
0,jpn_Jpan,ja,Japanese,1,14763,4.628187656402588
0,jpn_Jpan,ja,Japanese,2,8736,3.1937997341156006
0,jpn_Jpan,ja,Japanese,3,4481,3.1401679515838623
0,jpn_Jpan,ja,Japanese,4,13022,2.2081379890441895
0,jpn_Jpan,ja,Japanese,5,2832,1.7842272520065308
0,kor_Hang,ko,Korean,1,15827,3.9341907501220703
0,kor_Hang,ko,Korean,2,10292,3.7469425201416016
0,kor_Hang,ko,Korean,3,15242,2.6230647563934326
0,kor_Hang,ko,Korean,4,11815,2.4964327812194824
0,kor_Hang,ko,Korean,5,10680,1.9460465908050537
0,kas_Arab,ks,Kashmiri (Arabic script),1,10292,7.450510025024414
0,kas_Arab,ks,Kashmiri (Arabic script),2,3805,3.5053114891052246
0,kas_Arab,ks,Kashmiri (Arabic script),3,15827,2.8598792552948
0,kas_Arab,ks,Kashmiri (Arabic script),4,15242,2.3030784130096436
0,kas_Arab,ks,Kashmiri (Arabic script),5,8371,2.105867385864258
0,por_Latn,pt,Portuguese,1,8920,6.7175140380859375
0,por_Latn,pt,Portuguese,2,5653,2.9918715953826904
0,por_Latn,pt,Portuguese,3,12950,2.411553382873535
0,por_Latn,pt,Portuguese,4,9963,1.6819336414337158
0,por_Latn,pt,Portuguese,5,981,1.4635717868804932
0,tha_Thai,th,Thai,1,10292,5.67343807220459
0,tha_Thai,th,Thai,2,15827,4.23845100402832
0,tha_Thai,th,Thai,3,15242,3.251296043395996
0,tha_Thai,th,Thai,4,11815,2.011870861053467
0,tha_Thai,th,Thai,5,3805,1.985435962677002
0,vie_Latn,vi,Vietnamese,1,11815,3.2112672328948975
0,vie_Latn,vi,Vietnamese,2,13021,2.2996480464935303
0,vie_Latn,vi,Vietnamese,3,15806,1.9093856811523438
0,vie_Latn,vi,Vietnamese,4,15827,1.6856353282928467
0,vie_Latn,vi,Vietnamese,5,1097,1.376838207244873
0,cmn_Hans,zh,Chinese,1,14763,7.818384170532227
0,cmn_Hans,zh,Chinese,2,12789,2.3166306018829346
0,cmn_Hans,zh,Chinese,3,2127,1.7294301986694336
0,cmn_Hans,zh,Chinese,4,15827,1.2239563465118408
0,cmn_Hans,zh,Chinese,5,10610,1.124835729598999
2,eng_Latn,en,English,1,15089,4.365625381469727
2,eng_Latn,en,English,2,2007,2.0129730701446533
2,eng_Latn,en,English,3,7361,1.4295203685760498
2,eng_Latn,en,English,4,5542,1.1083035469055176
2,eng_Latn,en,English,5,14766,0.925189197063446
2,spa_Latn,es,Spanish,1,15089,6.272039413452148
2,spa_Latn,es,Spanish,2,8121,3.125856399536133
2,spa_Latn,es,Spanish,3,15227,1.8512204885482788
2,spa_Latn,es,Spanish,4,11722,1.4669339656829834
2,spa_Latn,es,Spanish,5,4602,1.2262511253356934
2,fra_Latn,fr,French,1,15089,4.402151107788086
2,fra_Latn,fr,French,2,8121,2.4482614994049072
2,fra_Latn,fr,French,3,3062,2.1479620933532715
2,fra_Latn,fr,French,4,5834,1.8599683046340942
2,fra_Latn,fr,French,5,14430,1.7171804904937744
2,jpn_Jpan,ja,Japanese,1,1555,5.155303478240967
2,jpn_Jpan,ja,Japanese,2,5008,3.930171012878418
2,jpn_Jpan,ja,Japanese,3,13439,3.5436031818389893
2,jpn_Jpan,ja,Japanese,4,8891,1.982259750366211
2,jpn_Jpan,ja,Japanese,5,13986,1.8465996980667114
2,kor_Hang,ko,Korean,1,5008,4.700068473815918
2,kor_Hang,ko,Korean,2,8639,3.838395595550537
2,kor_Hang,ko,Korean,3,8891,3.36436128616333
2,kor_Hang,ko,Korean,4,5379,2.669562339782715
2,kor_Hang,ko,Korean,5,6565,2.325187921524048
2,kas_Arab,ks,Kashmiri (Arabic script),1,5379,7.2636566162109375
2,kas_Arab,ks,Kashmiri (Arabic script),2,405,5.661403656005859
2,kas_Arab,ks,Kashmiri (Arabic script),3,7061,4.696047306060791
2,kas_Arab,ks,Kashmiri (Arabic script),4,660,4.308231353759766
2,kas_Arab,ks,Kashmiri (Arabic script),5,6565,3.8967981338500977
2,por_Latn,pt,Portuguese,1,15089,7.918338775634766
2,por_Latn,pt,Portuguese,2,14939,3.3412036895751953
2,por_Latn,pt,Portuguese,3,8121,3.104875087738037
2,por_Latn,pt,Portuguese,4,14549,1.2101261615753174
2,por_Latn,pt,Portuguese,5,15227,1.1630957126617432
2,tha_Thai,th,Thai,1,8891,5.396617889404297
2,tha_Thai,th,Thai,2,5379,4.992739677429199
2,tha_Thai,th,Thai,3,16186,4.911935806274414
2,tha_Thai,th,Thai,4,12331,4.558493614196777
2,tha_Thai,th,Thai,5,405,2.668562173843384
2,vie_Latn,vi,Vietnamese,1,12331,4.314167499542236
2,vie_Latn,vi,Vietnamese,2,4320,3.4337668418884277
2,vie_Latn,vi,Vietnamese,3,300,2.6404099464416504
2,vie_Latn,vi,Vietnamese,4,8891,2.160963535308838
2,vie_Latn,vi,Vietnamese,5,3239,1.8033473491668701
2,cmn_Hans,zh,Chinese,1,1555,8.35627555847168
2,cmn_Hans,zh,Chinese,2,300,3.057487964630127
2,cmn_Hans,zh,Chinese,3,16087,1.7863883972167969
2,cmn_Hans,zh,Chinese,4,15089,1.3823528289794922
2,cmn_Hans,zh,Chinese,5,7855,1.3816957473754883
5,eng_Latn,en,English,1,1059,9.605110168457031
5,eng_Latn,en,English,2,8392,2.2745118141174316
5,eng_Latn,en,English,3,5148,1.8224973678588867
5,eng_Latn,en,English,4,10187,1.6256639957427979
5,eng_Latn,en,English,5,15135,1.2658154964447021
5,spa_Latn,es,Spanish,1,11441,4.261963844299316
5,spa_Latn,es,Spanish,2,1059,2.650156021118164
5,spa_Latn,es,Spanish,3,10337,2.1456897258758545
5,spa_Latn,es,Spanish,4,300,1.6139990091323853
5,spa_Latn,es,Spanish,5,13960,1.5685088634490967
5,fra_Latn,fr,French,1,5834,4.019793510437012
5,fra_Latn,fr,French,2,10337,2.1470913887023926
5,fra_Latn,fr,French,3,300,1.291684865951538
5,fra_Latn,fr,French,4,1059,1.0304450988769531
5,fra_Latn,fr,French,5,13960,0.9961538314819336
5,jpn_Jpan,ja,Japanese,1,10760,8.590828895568848
5,jpn_Jpan,ja,Japanese,2,5226,3.0628058910369873
5,jpn_Jpan,ja,Japanese,3,14310,2.1610634326934814
5,jpn_Jpan,ja,Japanese,4,1059,1.6030769348144531
5,jpn_Jpan,ja,Japanese,5,1790,1.3790346384048462
5,kor_Hang,ko,Korean,1,14220,4.829936981201172
5,kor_Hang,ko,Korean,2,10760,4.229265213012695
5,kor_Hang,ko,Korean,3,1394,2.25281023979187
5,kor_Hang,ko,Korean,4,14310,1.9557018280029297
5,kor_Hang,ko,Korean,5,15187,1.685983657836914
5,kas_Arab,ks,Kashmiri (Arabic script),1,14908,10.740626335144043
5,kas_Arab,ks,Kashmiri (Arabic script),2,3593,4.603917121887207
5,kas_Arab,ks,Kashmiri (Arabic script),3,12484,4.04875373840332
5,kas_Arab,ks,Kashmiri (Arabic script),4,14220,3.556385040283203
5,kas_Arab,ks,Kashmiri (Arabic script),5,1790,3.293437957763672
5,por_Latn,pt,Portuguese,1,1059,4.548234939575195
5,por_Latn,pt,Portuguese,2,11006,3.9990956783294678
5,por_Latn,pt,Portuguese,3,10337,2.1949973106384277
5,por_Latn,pt,Portuguese,4,13960,1.4233139753341675
5,por_Latn,pt,Portuguese,5,5148,1.199265480041504
5,tha_Thai,th,Thai,1,2713,8.812561988830566
5,tha_Thai,th,Thai,2,13789,2.9651477336883545
5,tha_Thai,th,Thai,3,11100,2.7244155406951904
5,tha_Thai,th,Thai,4,15187,1.6984500885009766
5,tha_Thai,th,Thai,5,10760,1.5625154972076416
5,vie_Latn,vi,Vietnamese,1,3608,8.582903861999512
5,vie_Latn,vi,Vietnamese,2,11100,1.7864909172058105
5,vie_Latn,vi,Vietnamese,3,1450,1.5040760040283203
5,vie_Latn,vi,Vietnamese,4,2446,1.3052501678466797
5,vie_Latn,vi,Vietnamese,5,5346,1.2046669721603394
5,cmn_Hans,zh,Chinese,1,1655,7.857580661773682
5,cmn_Hans,zh,Chinese,2,10760,6.935429096221924
5,cmn_Hans,zh,Chinese,3,1059,3.8442840576171875
5,cmn_Hans,zh,Chinese,4,3254,1.8080964088439941
5,cmn_Hans,zh,Chinese,5,13088,1.633447289466858
10,eng_Latn,en,English,1,4392,20.70172119140625
10,eng_Latn,en,English,2,2843,4.952357292175293
10,eng_Latn,en,English,3,3736,4.354691505432129
10,eng_Latn,en,English,4,10585,2.196422576904297
10,eng_Latn,en,English,5,15167,2.1516828536987305
10,spa_Latn,es,Spanish,1,15672,5.166712760925293
10,spa_Latn,es,Spanish,2,4392,4.660240173339844
10,spa_Latn,es,Spanish,3,729,1.8911423683166504
10,spa_Latn,es,Spanish,4,7729,1.8391838073730469
10,spa_Latn,es,Spanish,5,12825,1.60609769821167
10,fra_Latn,fr,French,1,12091,4.7851433753967285
10,fra_Latn,fr,French,2,4392,1.9687767028808594
10,fra_Latn,fr,French,3,729,1.6053836345672607
10,fra_Latn,fr,French,4,12825,1.4353840351104736
10,fra_Latn,fr,French,5,7729,1.2996190786361694
10,jpn_Jpan,ja,Japanese,1,15713,10.136002540588379
10,jpn_Jpan,ja,Japanese,2,4392,4.9840087890625
10,jpn_Jpan,ja,Japanese,3,1297,3.527320623397827
10,jpn_Jpan,ja,Japanese,4,4584,2.6772820949554443
10,jpn_Jpan,ja,Japanese,5,13788,2.567992687225342
10,kor_Hang,ko,Korean,1,1297,5.715238094329834
10,kor_Hang,ko,Korean,2,821,3.873009204864502
10,kor_Hang,ko,Korean,3,15713,3.098334312438965
10,kor_Hang,ko,Korean,4,6289,3.058861255645752
10,kor_Hang,ko,Korean,5,11341,3.0402042865753174
10,kas_Arab,ks,Kashmiri (Arabic script),1,3031,18.873838424682617
10,kas_Arab,ks,Kashmiri (Arabic script),2,10941,5.422173023223877
10,kas_Arab,ks,Kashmiri (Arabic script),3,12501,4.758945465087891
10,kas_Arab,ks,Kashmiri (Arabic script),4,1187,4.3081583976745605
10,kas_Arab,ks,Kashmiri (Arabic script),5,10721,4.172621726989746
10,por_Latn,pt,Portuguese,1,4392,7.387351989746094
10,por_Latn,pt,Portuguese,2,15994,5.248866081237793
10,por_Latn,pt,Portuguese,3,2843,1.9254484176635742
10,por_Latn,pt,Portuguese,4,729,1.8124589920043945
10,por_Latn,pt,Portuguese,5,3736,1.7040472030639648
10,tha_Thai,th,Thai,1,4505,8.853761672973633
10,tha_Thai,th,Thai,2,3031,7.717957496643066
10,tha_Thai,th,Thai,3,1316,5.9082932472229
10,tha_Thai,th,Thai,4,11407,3.200460910797119
10,tha_Thai,th,Thai,5,1187,2.116685152053833
10,vie_Latn,vi,Vietnamese,1,1316,8.054473876953125
10,vie_Latn,vi,Vietnamese,2,11909,4.336870193481445
10,vie_Latn,vi,Vietnamese,3,11620,1.9479005336761475
10,vie_Latn,vi,Vietnamese,4,4392,1.9022369384765625
10,vie_Latn,vi,Vietnamese,5,15156,1.4679100513458252
10,cmn_Hans,zh,Chinese,1,13788,14.354037284851074
10,cmn_Hans,zh,Chinese,2,4392,6.6488800048828125
10,cmn_Hans,zh,Chinese,3,11818,1.8530054092407227
10,cmn_Hans,zh,Chinese,4,2843,1.805394172668457
10,cmn_Hans,zh,Chinese,5,3084,1.679053544998169
15,eng_Latn,en,English,1,10716,33.9382209777832
15,eng_Latn,en,English,2,8610,9.069263458251953
15,eng_Latn,en,English,3,14717,7.254549980163574
15,eng_Latn,en,English,4,13870,4.9151201248168945
15,eng_Latn,en,English,5,1695,3.417356491088867
15,spa_Latn,es,Spanish,1,10412,19.417770385742188
15,spa_Latn,es,Spanish,2,10716,5.509365081787109
15,spa_Latn,es,Spanish,3,1518,4.04939079284668
15,spa_Latn,es,Spanish,4,5895,3.6887454986572266
15,spa_Latn,es,Spanish,5,11092,3.4075865745544434
15,fra_Latn,fr,French,1,13134,17.877283096313477
15,fra_Latn,fr,French,2,1518,3.5306830406188965
15,fra_Latn,fr,French,3,11092,3.2839279174804688
15,fra_Latn,fr,French,4,14669,3.007848024368286
15,fra_Latn,fr,French,5,2621,2.628206491470337
15,jpn_Jpan,ja,Japanese,1,9136,22.128477096557617
15,jpn_Jpan,ja,Japanese,2,12777,13.497969627380371
15,jpn_Jpan,ja,Japanese,3,574,5.291446208953857
15,jpn_Jpan,ja,Japanese,4,5741,5.2849578857421875
15,jpn_Jpan,ja,Japanese,5,10716,5.046058654785156
15,kor_Hang,ko,Korean,1,6239,16.836246490478516
15,kor_Hang,ko,Korean,2,9136,10.725770950317383
15,kor_Hang,ko,Korean,3,3946,8.923571586608887
15,kor_Hang,ko,Korean,4,2234,6.910310745239258
15,kor_Hang,ko,Korean,5,574,4.976405143737793
15,kas_Arab,ks,Kashmiri (Arabic script),1,2234,42.7932243347168
15,kas_Arab,ks,Kashmiri (Arabic script),2,3526,11.825878143310547
15,kas_Arab,ks,Kashmiri (Arabic script),3,3946,9.286810874938965
15,kas_Arab,ks,Kashmiri (Arabic script),4,2029,8.032572746276855
15,kas_Arab,ks,Kashmiri (Arabic script),5,1483,7.9981369972229
15,por_Latn,pt,Portuguese,1,3067,18.21923065185547
15,por_Latn,pt,Portuguese,2,10716,8.505756378173828
15,por_Latn,pt,Portuguese,3,1518,3.900554895401001
15,por_Latn,pt,Portuguese,4,8610,3.405010223388672
15,por_Latn,pt,Portuguese,5,5895,3.078373432159424
15,tha_Thai,th,Thai,1,5360,26.524255752563477
15,tha_Thai,th,Thai,2,6373,18.447532653808594
15,tha_Thai,th,Thai,3,2234,12.247198104858398
15,tha_Thai,th,Thai,4,12793,3.004115104675293
15,tha_Thai,th,Thai,5,3207,2.088071584701538
15,vie_Latn,vi,Vietnamese,1,14191,21.569116592407227
15,vie_Latn,vi,Vietnamese,2,6373,13.301934242248535
15,vie_Latn,vi,Vietnamese,3,10366,3.838434934616089
15,vie_Latn,vi,Vietnamese,4,14669,2.8329503536224365
15,vie_Latn,vi,Vietnamese,5,7777,2.779508113861084
15,cmn_Hans,zh,Chinese,1,2931,18.847869873046875
15,cmn_Hans,zh,Chinese,2,14964,12.772092819213867
15,cmn_Hans,zh,Chinese,3,3382,10.289751052856445
15,cmn_Hans,zh,Chinese,4,10716,8.849517822265625
15,cmn_Hans,zh,Chinese,5,8610,3.695171356201172
20,eng_Latn,en,English,1,6631,34.44388961791992
20,eng_Latn,en,English,2,743,7.336881637573242
20,eng_Latn,en,English,3,5052,5.584846496582031
20,eng_Latn,en,English,4,9768,4.602020263671875
20,eng_Latn,en,English,5,10691,4.302567958831787
20,spa_Latn,es,Spanish,1,8590,59.51554489135742
20,spa_Latn,es,Spanish,2,15087,13.054469108581543
20,spa_Latn,es,Spanish,3,51,9.89600944519043
20,spa_Latn,es,Spanish,4,5062,7.930819988250732
20,spa_Latn,es,Spanish,5,9590,7.930191993713379
20,fra_Latn,fr,French,1,12332,72.7218017578125
20,fra_Latn,fr,French,2,51,9.490242958068848
20,fra_Latn,fr,French,3,5062,6.190676689147949
20,fra_Latn,fr,French,4,6742,5.492851257324219
20,fra_Latn,fr,French,5,13221,5.110623359680176
20,jpn_Jpan,ja,Japanese,1,4945,69.26424407958984
20,jpn_Jpan,ja,Japanese,2,7719,18.69063949584961
20,jpn_Jpan,ja,Japanese,3,5063,15.871715545654297
20,jpn_Jpan,ja,Japanese,4,534,14.469783782958984
20,jpn_Jpan,ja,Japanese,5,12272,9.985814094543457
20,kor_Hang,ko,Korean,1,144,61.552223205566406
20,kor_Hang,ko,Korean,2,5063,8.457085609436035
20,kor_Hang,ko,Korean,3,1227,8.07876205444336
20,kor_Hang,ko,Korean,4,534,7.282281875610352
20,kor_Hang,ko,Korean,5,1952,7.13273286819458
20,kas_Arab,ks,Kashmiri (Arabic script),1,9714,28.579721450805664
20,kas_Arab,ks,Kashmiri (Arabic script),2,16318,23.094486236572266
20,kas_Arab,ks,Kashmiri (Arabic script),3,10670,21.882137298583984
20,kas_Arab,ks,Kashmiri (Arabic script),4,10838,19.864654541015625
20,kas_Arab,ks,Kashmiri (Arabic script),5,15759,19.551376342773438
20,por_Latn,pt,Portuguese,1,1194,76.89551544189453
20,por_Latn,pt,Portuguese,2,8590,51.82614517211914
20,por_Latn,pt,Portuguese,3,51,10.514304161071777
20,por_Latn,pt,Portuguese,4,5062,8.673951148986816
20,por_Latn,pt,Portuguese,5,7953,7.575008869171143
20,tha_Thai,th,Thai,1,10108,69.74822998046875
20,tha_Thai,th,Thai,2,6505,10.789399147033691
20,tha_Thai,th,Thai,3,11695,8.208515167236328
20,tha_Thai,th,Thai,4,8684,7.9208831787109375
20,tha_Thai,th,Thai,5,16275,5.147720813751221
20,vie_Latn,vi,Vietnamese,1,13890,58.56709671020508
20,vie_Latn,vi,Vietnamese,2,5578,35.99815368652344
20,vie_Latn,vi,Vietnamese,3,6505,22.373516082763672
20,vie_Latn,vi,Vietnamese,4,311,12.736538887023926
20,vie_Latn,vi,Vietnamese,5,11695,9.775042533874512
20,cmn_Hans,zh,Chinese,1,6360,69.6663818359375
20,cmn_Hans,zh,Chinese,2,10018,19.242258071899414
20,cmn_Hans,zh,Chinese,3,6420,12.875967025756836
20,cmn_Hans,zh,Chinese,4,6631,9.9443359375
20,cmn_Hans,zh,Chinese,5,10480,9.45648193359375
